nombre,precio actual,precio descuento
Bolsa Souvenir Contra Agua 2L,,No hay descuento
Bandana Piedranegra Surtido,,No hay descuento
"Cinta con Hebilla Strap NRS 1""",,No hay descuento
Arnés o Pechera para Binoculares o Cámaras Trail Sighter,,No hay descuento
"Cinta con Hebilla Strap NRS 1.5""",,No hay descuento
Pantalón para Senderismo Secado Rápido Tropics,,No hay descuento
Cuerda Paracord 550 Atwood Ropes - 100 ft / 30m,,No hay descuento
Gorras Vortex con Malla,,No hay descuento
Silbato de Rescate Fox 40 115db,,No hay descuento
Kanguro G-Tech Javier,,No hay descuento
Retenedor para Lentes Chums NRS (Original Standard End) 12115,,No hay descuento
Mosquetón Llavero (Biner 6mm) Coghlans,,No hay descuento
Guía de Flora y Fauna Plegables,,No hay descuento
Kit de Primeros Auxilios TS Viajero (Botiquín),,No hay descuento
"Cinta Tubular Blue Water 1"" (x metro)",,No hay descuento
Vortex Diamondback HD 8x42,,No hay descuento
Linterna Nitecore MH10 V2 1200 Lúmenes 202m,,No hay descuento
Bolsa Seca NRS Tuff Sack 5L,,No hay descuento
Gas para Camping Jumbo Star de 227G,,No hay descuento
Zapato Acuático NRS Men's Kicker Wetshoe,,No hay descuento
Botella Nalgene Sostenible Boca Ancha 32 OZ (1L),,No hay descuento
Botella Nalgene Sostenible boca Angosta 32 oz (1L),,No hay descuento
Pantalón Senderismo Convertible Forclaz MT500 (M´s),,No hay descuento
Lentes Boogie Bomber,,No hay descuento
Vortex Diamondback HD 10x42,,No hay descuento
Sandalia Chaco Hombre Z2 Classic Black J105427,,No hay descuento
Telescopio Diamondback 65mm HD 16-48X65,,No hay descuento
Sandalia Chaco Hombre Z1 Classic Black J105375,,No hay descuento
Lente Jaco Bomber,,No hay descuento
Silbato Fox 40 Epik CMG 115db,,No hay descuento
Vortex Vanquish 8x26,,No hay descuento
Camisa Manga Larga NRS Guide Shirt,,No hay descuento
Bolsa seca 5L Nitecore WDB05,,No hay descuento
Lente Smart Bomber,,No hay descuento
Kit de limpieza lentes Vortex (Small),,No hay descuento
Nitecore Tiki Luz Ultravioleta 1000 mW,,No hay descuento
Caja Pelican 1300 con Foam,,No hay descuento
Chaleco Flotador Stohlquist,,No hay descuento
Pelican Vaso Térmico Dayventure Tumbler 16 oz(473 ml),,No hay descuento
Magnesio en Cubo Black Diamond,,No hay descuento
Lente Tiger Bomber,,No hay descuento
Camiseta Manga Larga NRS H2Core Silkweight Men's,,No hay descuento
Jacket Black Diamond Treeline Rain Shell Hombre,,No hay descuento
Lente Mana Bomber,,No hay descuento
Lente Gomer Bomber,,No hay descuento
Bolso de Cintura (Canguro) Tour Mountainsmith 9L 2023,,No hay descuento
Lente Mega Bomber,,No hay descuento
Pelican vaso térmico Dayventure Tumbler 10 oz(296 ml),,No hay descuento
Linterna Nitecore MH12 V2 1200 LUM 202 M,,No hay descuento
Binoculares Bushnell Spectator Sport 8x32mm,,No hay descuento
Sandalias Teva Original Universal 1004006 y 1004010 (Hombre),,No hay descuento
Gorras Vortex (Tela),,No hay descuento
Sandalia Chaco Mujer ZX2 Classic,,No hay descuento
Sandalia Chaco Lowdown para hombre,,$89.95
Kanguro G-Tech Jose 5008,,$14.95
Sombrero Ultra Adventure Sunday Afternoons,,No hay descuento
"Sling Tubular Nylon de 1"" Cypher 22kN",,No hay descuento
Vortex Crossfire HD 8x42,,No hay descuento
Tripode Aluminio Manfrotto MK290XTA3BH,,No hay descuento
Retenedor para Lentes Chums Neo (Flotan),,No hay descuento
Clip para GoPro,,No hay descuento
"Sling Tubular Nylon de 1"" Escalante 22kN",,No hay descuento
Bolso de Hidratación G-Tech 6821,,$59.95
Casco Black Diamond Half Dome,,No hay descuento
Sandalia Chaco Hombre Mega Z Cloud JCH108375 Trink Aqua,,No hay descuento
Lente Irie Bomber,,No hay descuento
Bolsa Seca NRS MightyLight,,No hay descuento
Lente Clutch Bomber,,No hay descuento
Boquilla antiderrames para Botella Nalgene Easy Sipper,,No hay descuento
Soporte con Adhesivo para GoPro,,No hay descuento
Sandalias Teva Hurricane XLT2 1019234 (Unisex),,No hay descuento
Vortex Crossfire HD 10x42,,No hay descuento
Bolso Impermeable Nitecore WDB20 20L,,No hay descuento
Sandalia Chaco Mujer Z2 Classic Black J105430,,No hay descuento
Sandalias Teva Mujer Original Universal 1003987,,No hay descuento
Haix Black Eagle Athletic 2.0 V GTX High/Sage 330015,,No hay descuento
Cordino Blue Water 8mm (x metro),,No hay descuento
Cordino Blue Water 6mm (x metro),,No hay descuento
Linterna de Cabeza Nitecore NU33 700 Lum,,No hay descuento
Sandalia Chaco Hombre Z2 Classic Stepped Navy J106171,,No hay descuento
Casco Económico para cliente Rafting,,No hay descuento
Camiseta Manga Corta NRS Silkweight Hombre 10108.05,,No hay descuento
Throw Bag Cuerda de Rescate NRS Standard 75´,,No hay descuento
Vortex Diamondback 8x32,,No hay descuento
Cargador Nitecore UI1,,No hay descuento
Pelican vaso térmico Dayventure Tumbler 22 oz(651 ml),,No hay descuento
Cobertor impermeable para Mochila Mountainsmith,,No hay descuento
Bandana NRS H2OZone Neck Gaiter,,No hay descuento
Guía de Aves de Costa Rica,,No hay descuento
Sandalia Chaco Hombre Z1 Classic JCH108393 Tetra Moss,,No hay descuento
Bolso de Cintura (Canguro) Day Mountainsmith 13L 2023,,No hay descuento
Chaleco NRS Zen Rescue PFD,,No hay descuento
Cuerda de Rescate Wedge Throw 55' NRS,,No hay descuento
Estuche Impermeable para Celular Nitecore SLB01 Estilo Bandolera,,No hay descuento
Mosquetón Oval OXY Singing Rock Aluminio/Automático,,No hay descuento
Trípode Bushnell Titanio Avanzado 784040,,No hay descuento
Deshumificador Eva-Dry,,No hay descuento
Caja Pelican 1150 con Foam,,No hay descuento
Batería NL166,,No hay descuento
Trípode Bushnell Avanzado 784030,,No hay descuento
Kanguro Drift 2023 Mountain Smith 5L,,No hay descuento
Lente Reggie Bomber,,No hay descuento
Cordón de Nylon Victorinox,,No hay descuento
Caja Pelican 1200 Con Foam,,No hay descuento
"Empaque para Caja Pelican Repuesto ""O"" Rings",,No hay descuento
Filtro para Linterna de 25.4 mm Nitecore,,No hay descuento
Pegamento PVC 1/8,,No hay descuento
Zapato Acuático NRS Arroyo,,No hay descuento
Sandalia Chaco Mujer Z/Cloud JCH109026 Overhaul Bronze,,No hay descuento
Guía de Anfibios y Reptiles de Costa Rica,,No hay descuento
Jacket Impermeable para Niños (Quechua MH100),,No hay descuento
Mosquetón Aluminio Colt Wire 26KN Singing Rock,,No hay descuento
Casco para Guía Rafting WRSI Current,,No hay descuento
Neceser Organizador Stash Mountainsmith,,No hay descuento
Sandalia Chaco Mujer Z2 Classic JCH109050 Aerial Rosette,,No hay descuento
Sandalia Chaco Mujer Z/Cloud X2,,No hay descuento
Telescopio Vortex Razor 50mm (11-33x50mm) HD,,No hay descuento
Toalla de Microfibra para Ópticos Vortex Spudz,,No hay descuento
Sandalia Chaco Mujer Lowdown JCH109366 Teal Rose,,$89.95
Zapata Manfrotto 200PL,,No hay descuento
Bolsa Seca NRS Tuff Sack 25L,,No hay descuento
Kit de Limpieza para Equipo Óptico Vortex,,No hay descuento
Caja Pelican Vault V100,,No hay descuento
Cargador Nitecore UI2,,No hay descuento
Mosqueton Hector Automático Triple Lock 30kn Singing Rock,,No hay descuento
Camisa NRS Men´s Silkweight Hoodie,,No hay descuento
"Jacket Impermeable Mujer Quechua MH500 25,000mm",,No hay descuento
Adaptador Celular/Telescopio (Anillo) Phone Skope,,No hay descuento
Pegamento Hypalon 1/8,,No hay descuento
Navaja Sentinel Clip 0.8416.M3 Victorinox,,No hay descuento
Botella Nalgene Sustain 16 OZ,,No hay descuento
Faja porta dinero para viaje Waist Belt Wenger 611879,,No hay descuento
Kanguro Trippin 'Lil' (Bolso de Cintura) Mountainsmith,,No hay descuento
Short Forclaz MT500 Hombre 329049,,No hay descuento
Cobertor contra agua para Canguro Mountainsmith,,No hay descuento
Tornillo para Gopro,,No hay descuento
Bolso de Espalda Impermeable 10L Geckobrands,,No hay descuento
Camisa Manga Corta NRS Guide Shirt,,No hay descuento
Camiseta Manga Larga Mujer NRS Silkweight 10115.05,,No hay descuento
Encendedor Zippo recargable,,No hay descuento
Faja Diamond Mine Black Diamond,,No hay descuento
Remo para Rafting Carlisle Standard 60”,,No hay descuento
Bolso Seco de Pesca TicoLures 35L,,No hay descuento
"Nitecore HC60 V2 1,200 Lúmenes 130M",,No hay descuento
Cuchilla de Rescate Pilot NRS,,No hay descuento
Riñonera Epic (Canguro) 3L Mountainsmith,,No hay descuento
Kanguro Vibe Mountainsmith 1.6L,,No hay descuento
Sandalia Chaco Mujer Mega Z Cloud Blazer Navy J106548,,No hay descuento
Sandalias Teva Midform Universal 1090969 (Mujer),,$80.00
Guía de Mamíferos de Costa Rica,,No hay descuento
Bolso de hidratación G-Tech 6811 (2L),,$43.95
Tripode Aluminio Manfrotto MT290XTA3,,No hay descuento
Caja Pelican Vault Equipment V200,,No hay descuento
Mochila Thule Chasm 26L,,No hay descuento
Casco Deportivo Outdoor Gear,,No hay descuento
Vaso Termico Ecovessel Port 10OZ (296ml),,No hay descuento
Sandalia Chaco Hombre Z/1® Classic Cocoa JCH108473,,No hay descuento
Cordino Blue Water 7mm (x metro),,No hay descuento
Bolsa Seca NRS Tuff Sack 35L,,No hay descuento
Mochila Thule AllTrail 15L,,No hay descuento
Sandalia Mujer Chaco Z/1 Classic J107194 Askew Black,,No hay descuento
"Linterna Nitecore MH12 PRO 3,300 Lumens 505 M",,No hay descuento
Lupa plegable Carson TriView TV-15 5x/10x/15x,,No hay descuento
Cuchilla Petzl Spatha,,No hay descuento
Repuesto Tapa para Botella Nalgene de Boca Ancha,,No hay descuento
Sandalia Chaco Hombre Z1 Classic JCH108613 Retro Black,,No hay descuento
Cuchara para camping 3 en 1 Kershaw Ration XL 1145GRNX,,No hay descuento
Bastón para Caminar Pyrite 7075 (Par) MountainSmith,,No hay descuento
Bateria Nitecore NL2150 (5000mAh) 21700,,No hay descuento
Short NRS Guide para Hombre,,No hay descuento
Chaleco NRS Ninja PFD Versión Anterior,,No hay descuento
Organizador de viaje Tech Pouch Peak Design,,No hay descuento
Arnés de Escalada Singing Rock Top Padded,,No hay descuento
Guante Lightweight Fleece Black Diamond,,No hay descuento
Botella Nalgene Sostenible Boca Ancha 48 OZ,,No hay descuento
Correa para camara Slide Lite,,No hay descuento
"Batería NL2150i 21700 (5,000mAh)",,No hay descuento
Canguro Mountainsmith Groove 0.74L,,No hay descuento
Bencina (combustible) para Encendedor Zippo 125 ml,,No hay descuento
Sandalias Teva Mujer Hurrican Drift 1124070,,$59.95
Salveque G-Tech Fernando GTB-9215,,$47.95
Sombrero Sunday Afternoons Sundancer,,No hay descuento
Correa para Cámara (Cuff),,No hay descuento
Casco NRS Havoc Livery,,No hay descuento
Cable Micro USB Nitecore,,No hay descuento
"Férula Sam Splint 36in (91,4 cm)",,No hay descuento
Billetera Tri-Fold TA 5.0 RFID Victorinox,,No hay descuento
Tapones Nasales Cottonmouth,,No hay descuento
Sandalia Chaco Mujer Z1 Classic JCH109048 Tetra Moss,,No hay descuento
Sandalia Chaco Mujer Z/Cloud X,,No hay descuento
Sandalia Chaco Mujer Bodhi JCH109426 Teal Avocado,,No hay descuento
Short Quechua MH500 Hombre 307871,,No hay descuento
Polea Small Roll 22 KN Singing Rock,,No hay descuento
Sandalias Teva Hombre Hurrican Drift 1124073,,$59.95
Sombrero Kids Fun Bucket Sunday Afternoons,,$39.15
Cuchilla de Rescate Co-Pilot NRS,,No hay descuento
Sombrero 50 Summer CM-LK041,,$40.00
Mosquetón Aluminio/Rosca Hector 30 KN Singing Rock,,No hay descuento
Bolso para equipo Mesh Purest Duffel 90L,,No hay descuento
Sandalia Mujer Chaco ZX1 Classic J106094 Oragami Black,,No hay descuento
Mochila Thule Chasm 40L,,No hay descuento
Organizador Thule Subterra PowerShuttle Mini,,No hay descuento
Linterna Nitecore UT27 520 Lúmenes 128M,,No hay descuento
Billetera Bi-Fold Wallet Victorinox,,No hay descuento
Linterna de cabeza Nitecore NU25 400 Lúmenes 64m Con Strap,,No hay descuento
Zapato La Sportiva Ultra Raptor II GTX (Hombre M´S),,No hay descuento
Vaso Térmico Ecovessel Metro 16 Oz,,No hay descuento
Botella Nalgene Sustain Boca Ancha 14oz,,No hay descuento
Canguro Dry Kick Mountainsmith 5.5L,,No hay descuento
Pantalón Quechua MH500 Hombre 325496,,No hay descuento
Polea Doble Tandem® Speed Pulley Petzl P21 SPE,,No hay descuento
Bateria Nitecore NL1826 (2600mAh),,No hay descuento
Lámpara Solar Luci Outdoor 2.0,,No hay descuento
Navaja Victorinox Classic SD 0.6223.942,,No hay descuento
Binoculares Bushnell H2O 10X42 (150142R),,No hay descuento
Linterna Nitecore New P30 1000 Lúmenes,,No hay descuento
Mochila Thule Stir 18L,,No hay descuento
Bolso Thule Enroute 26L,,No hay descuento
Guía de Insectos de Costa Rica,,No hay descuento
Arnés Deportivo Irazu Escalante,,No hay descuento
"Tow Tether NRS “Cola de Vaca"" con mosquetón",,No hay descuento
Lápiz para Limpiar Equipo Óptico Vortex,,No hay descuento
Mosquetón AM´D Aluminio Petzl M34ATL Triact Lock,,No hay descuento
Bolso para Documentos Kavu Go Time,,No hay descuento
Cuchilla NRS Voss,,No hay descuento
Sandalia Chaco Mujer Z2 Classic JCH108064 Trap B+W,,No hay descuento
Pedernal (piedra) Zippo,,No hay descuento
Bandana Envolvente Shemagh Camcon,,No hay descuento
Correa Slide Peak Design,,No hay descuento
Poncho Impermeable Niña MH100 Quechua,,No hay descuento
Papel de fotos cámara instantánea,,No hay descuento
Short Secado Rápido NRS Guide Short NRS,,No hay descuento
Sandalia Chaco de Niño (a) Bubble Teal J180254,,No hay descuento
Arnés Singing Rock BRIO II,,No hay descuento
Bolso para Equipo Mesh Purest Duffel 40L NRS,,No hay descuento
Tijera Plegable Coghlan´s (7600),,No hay descuento
Pantalón Convertible Silver Ridge Columbia para Hombre,,No hay descuento
Porta pasaporte con protección RFID Holder Victorinox,,No hay descuento
Salveque Plegable Wenger 25L 611882,,No hay descuento
"Nitecore HC65 V2 1,750 Lúmenes 165 metros",,No hay descuento
Placa de Multianclajes Petzl Paw Rigging Plate S,,No hay descuento
Trípode Manfrotto Befree Advance (MKBFRTA4BK-BH),,No hay descuento
Caja Pelican R60 Ruck Case,,No hay descuento
Gorra NRS Mesh Flexfit 12502.01.105,,No hay descuento
Sandalia Chaco Mujer Mega Z/Cloud JCH109236 Crust Porcelain,,No hay descuento
Foco para Buceo Princeton Tec League 420Lum,,No hay descuento
Botella Plástica Ecovessel Splash Niños 12 Oz,,No hay descuento
Filtro para Linterna de 40mm Nitecore NFX40,,No hay descuento
Cargador Nitecore UMS2,,No hay descuento
Memoria Kingston 64GB Go Plus 170R V3,,No hay descuento
Cuchilla Multi-Herramienta Gerber Curve Mini,,No hay descuento
Cuchilla NRS Neko,,No hay descuento
"Polea SMC CRx 1"" Pulley 22KN",,No hay descuento
Cobija Térmica Liberty Mountain,,No hay descuento
Mosquetón HMS Aluminio Cierre Rosca Jake SMC,,No hay descuento
Mosquetón Heroclip Pequeño 22kg,,No hay descuento
Cable USB Nitecore UAC20,,No hay descuento
Kanguro Trippin Fanny Mountainsmith 5L,,No hay descuento
Visera 50 Summers CM-LK012,,No hay descuento
Sombrero Sunday Afternoons Kids Play,,No hay descuento
Adaptador de trípode para GoPro,,No hay descuento
Linterna Camping Nitecore LR40 100 Lúmens,,No hay descuento
Guía de Reptiles de Costa Rica,,No hay descuento
Hamaca Grand Trunk Tech Doble,,No hay descuento
Jacket Black Diamond Treeline Rain Shell Mujer,,No hay descuento
Repuesto Vejiga Bolsa de Hidratación Osprey 1.5L,,No hay descuento
Mosquetón Acero Automático ISC Offset D 50kn KL200TL,,No hay descuento
Libro La vida silvestre de Costa Rica (wildlife),,No hay descuento
Lente Grom Bomber,,No hay descuento
"Cuerda Estática Sterling Rope 12.5mm 1/2"" x metro",,No hay descuento
"Cuerda Estática Blue Water 11.4MM (7/16"") BWII (CE EN 1891)",,No hay descuento
Canguro (Bolso de Cintura) Spectator KAVU,,No hay descuento
Sandalia Chaco Mujer Mega Z/Cloud JCH109018 Dappled Rust,,No hay descuento
Placa de Anclaje de Acero 12mm Singing Rock,,No hay descuento
Botella Insulada Ecovessel Frost Niños 12 Oz,,No hay descuento
Bolso para equipo Mesh Purest Duffel 60L NRS,,No hay descuento
Tapones para Oídos Mack's Ear Seals NRS,,No hay descuento
Camiseta Manga Larga Rashguard Mujer NRS,,No hay descuento
Cámara Sumergible Fujifilm QuickSnap Marine 800,,No hay descuento
Guantes para el Frío Poliéster Trek 100 Forclaz,,No hay descuento
Bolso Hielera Dayventure Cooler 18.4L,,No hay descuento
Cocina de Camping Plegable Olicamp Electron con Olla,,No hay descuento
Botella Nalgene para Niños 12oz,,No hay descuento
Sandalia Chaco de Niño(a) Hugs and Kisses J180152,,No hay descuento
Camisa Manga Larga Hombre Blood and Guts IV Columbia,,No hay descuento
Zapato La Sportiva Ultra Raptor II Mid GTX (Hombre M´S),,No hay descuento
Funda Enrrollable para Electrónicos 611881 Wenger,,No hay descuento
Mochila Thule Chasm 90L,,No hay descuento
Caja Pelican 1535 Air con Foam,,No hay descuento
"Nitecore HC68 2,000 Lúmenes 202 metros",,No hay descuento
"Linterna MH15 2,000 LÚMENES 250 M",,No hay descuento
Cordón para Cámara Peak Design 4-pack,,No hay descuento
Mosqueton Offset Oval Acero| Twistlock | ISC (MBS 40KN),,No hay descuento
Enagua para Kayak NRS Drylander Shock Cord,,No hay descuento
Linterna Llavero Tiki 300 Lumens 71 Metros,,No hay descuento
Linterna de cabeza Nitecore NU25 UL 400 Lúmenes 64m,,No hay descuento
Neceser Victorinox Hanging Toiletry Kit 610609,,No hay descuento
Tapa para Botella Nalgene Boca Angosta 38mm,,No hay descuento
Sandalia Chaco Hombre Z1 Classic JCH108391 Sierra Black,,No hay descuento
Sandalia Chaco Hombre Z Cloud JCH108379 Gush Rust,,No hay descuento
Sombrero Sunday Afternoons Adventure Hat,,No hay descuento
Organizador Thule Subterra PowerShuttle,,No hay descuento
Correa para cámara (Leash) Peak Design,,No hay descuento
Camiseta Manga Corta Rashguard H2Core NRS Hombre 10001.08,,No hay descuento
Stanley Classic Legendary Camp Mug,,No hay descuento
Bolso de Lado Knockabout Mountainsmith,,No hay descuento
Bolso de Cintura (Canguro) Sprint Mountainsmith,,No hay descuento
Sandalia Chaco Mujer Bodhi JCH109364 Belt Blue,,No hay descuento
Muñequera para cámara GoPro,,No hay descuento
Mini trípode Extendible para Gopro Ulanzi,,No hay descuento
Poncho Impermeable para Niños (Quechua MH100),,No hay descuento
Casco Petzl Panga®,,No hay descuento
Ascensor Derecho PetzL B17A,,No hay descuento
Croll®S Petzl B16BAA,,No hay descuento
"Sling Nylon 1"" CMI 37cm (14"") 28.9 KN",,No hay descuento
Polea Micro Trolley CMI Aluminio y Acero,,No hay descuento
Mochila Thule Alltrail 45L Hombre,,No hay descuento
Jacket Columbia Evapouration para Mujer,,No hay descuento
Jacket Mujer Arcadia ll Columbia,,No hay descuento
Short Silver Ridge Columbia para Hombre,,No hay descuento
Cabeza de Bola Manfrotto MH496-BH,,No hay descuento
Mochila Thule Stir 20L,,No hay descuento
Mochila Thule Landmark 40L Men´s,,No hay descuento
Cuerda para Canyoning 9MM Canyonator Blue Water (65m),,No hay descuento
Bateria Nitecore NL2153 (5300mAh),,No hay descuento
Filtro rojo NFR32 Nitecore 32mm,,No hay descuento
"Linterna MT2A PRO 1,000 LÚMENES 255 M",,No hay descuento
Jacket Impermeable Eddie Bauer Packable Rainfoil Hombre 001-0587,,No hay descuento
Guía de Anfibios de Costa Rica,,No hay descuento
KIT DE LIMPIEZA UES DKL24,,No hay descuento
Mochila Thule Landmark 70L Mujer,,No hay descuento
Figura 8 Descendente Aluminio RP110 25kN,,No hay descuento
Mini Linterna Llavero TINI 2 de 500 lumenes Nitecore,,No hay descuento
"NEF10 Ventilador Recargable con Luz Led Nitecore (10,000MAH)",,No hay descuento
Nitecore NU35 460 Lúmenes,,No hay descuento
Bateria Nitecore NL2153HP (5300mAh) 21700,,No hay descuento
Billetera Bi-fold con monedero Victorinox,,No hay descuento
Cuerda Paracord 550 Atwood Ropes - 1000 ft / 305m,,No hay descuento
Polea Trac Guide Petzl,,No hay descuento
Sistema de Ascenso para Pie Footer II Singing Rock,,No hay descuento
Arnés de pecho (Pechera) Escalante,,No hay descuento
Linterna de Cabeza Nitecore NU43,,No hay descuento
Agarres de escalada para niños y paredes recreativas,,No hay descuento
Lente Pipe Bomber,,No hay descuento
Sandalia Chaco Mujer Z1 Classic JCH108946 Tie Dye,,No hay descuento
"Cinta Tubular 2"" Blue Water Climb Spec (x metro)",,No hay descuento
"Batería NL2150HPR 21700 (5,000mAh)",,No hay descuento
Bolso Sling Altmont Original Monosling,,$64.95
Bolso Thule Construct 24L,,No hay descuento
Guía de Plantas Tropicales de Costa Rica,,No hay descuento
TIBLOC Ascensor de emergencia ultraligero Petzl,,No hay descuento
Sudadera NRS Men's H2Core Expedition Hoodie,,No hay descuento
Polea Rollclip A Petzl P74,,No hay descuento
Stanley Classic Easy-Pour Growler 64oz,,No hay descuento
Válvula Liefield C7,,No hay descuento
Olla Stanley Adventure Stay Hot Camp Crock 3qt (2.8L),,No hay descuento
Mochila Apex 20L Mountainsmith,,No hay descuento
Riñonera Swoop Fanny Pack 1.08L,,No hay descuento
Bolso de Espalda Trippin Pack Mountainsmith 22L,,No hay descuento
Mochila Cona 25L Mountainsmith,,No hay descuento
Pechera para cámara GoPro,,No hay descuento
Maleta Grande de Ruedas 105L Kipsta,,No hay descuento
Placa de Anclaje de Acero 10mm Singing Rock,,No hay descuento
Gas Butano Zippo 42g,,No hay descuento
Zapata para Trípode Vortex Pro GT,,No hay descuento
Brújula plástica Stansport Lensatic,,No hay descuento
Lupa 10x Ezona,,$35.00
Thule Crossover 2 bolso de Mano Cruzado,,No hay descuento
Mochila Thule Subterra 23L,,No hay descuento
Bolso de Hidratación Thule UpTake 8L,,No hay descuento
Gorra de Natación Aquatek,,No hay descuento
"Lámpara de Cabeza Nitecore UT32 1,100Lum 80M",,No hay descuento
Hielera Cooler Tube Sling Mountainsmith 6 Latas,,No hay descuento
Iniciador de Fuego Kershaw 1019X,,No hay descuento
Caja Pelican 1605 Air con Espuma,,No hay descuento
Bolsa Seca Snugpak Dri-Sak 35L,,No hay descuento
Zapato Chaco de Niño Outcross 2 Kids Blue J180267,,No hay descuento
Zapato Chaco de Niña Outcross 2 Kids Peach J180034,,No hay descuento
Faja para Instructor de Ajuste Fácil 3-Stitch,,No hay descuento
Caja Pelican 1450 sin Foam,,No hay descuento
Tijera Multiusos Acero Inoxidable 9575,,$7.95
Estuche para Cuchilla Co-Pilot NRS,,No hay descuento
Camiseta para Hombre Columbia Hike Graphic,,No hay descuento
Pantalón Silver Ridge Utility Hombre Columbia,,No hay descuento
Zapato La Sportiva Ultra Raptor II Mid GTX (Mujer W'S),,No hay descuento
Binocular Tasco Essential 16x32,,No hay descuento
Billetera Victorinox 30163501 Negra Triple,,No hay descuento
Billetera Envelope RFID 611973 Victorinox,,No hay descuento
Cordón Victorinox para el Cuello,,No hay descuento
Bolso de Espalda Motion 612545 Wenger,,No hay descuento
Monosling Wenger 6L 611876,,No hay descuento
Binoculares Bushnell Legend 8x42 BAK4 (BB842W),,No hay descuento
Navaja Trailmaster 0.8463.MW3 Victorinox,,No hay descuento
Navaja Swiss Champ 1.6795 Victorinox,,No hay descuento
Strap Manfrotto para Cámara MB PL-C-STRAP,,No hay descuento
Mochila Thule Landmark 40L Women´s,,No hay descuento
Connecting Loops para Binoculares,,No hay descuento
Jacket Impermeable Eddie Bauer Packable Rainfoil Mujer,,No hay descuento
"Batería NL1836HP 18650 3,600MAH HP",,No hay descuento
Hamaca Grand Trunk Individual Starter Hammock,,No hay descuento
Repuesto Vejiga Bolsa de Hidratación Osprey 2.5L,,No hay descuento
Mochila Thule LandMark 70L,,No hay descuento
Caja Pelican 1470 con Foam,,No hay descuento
PETZL WIRE-LOCK CARABINER M40A WLU,,No hay descuento
Adaptador de Celular para Trípode (JOBY),,No hay descuento
Mochila Thule Lithos 16L,,No hay descuento
"Thule Subterra Laptop 15.6""",,No hay descuento
Mochila Thule Stir 25L Men´s,,No hay descuento
Thule AllTrail 35L Mujer,,No hay descuento
RunOff Estuche Impermeable para Celular NiteIze ROPC-09-R8,,No hay descuento
Billetera Zip-Around Victorinox,,No hay descuento
Navaja Victorinox Evoke Alox 0.9415.D,,No hay descuento
Estuche Impermeable para Teléfono RunOff NiteIze ROPPL,,No hay descuento
Libro Parques Nacionales de Costa Rica,,No hay descuento
Faja Black Diamond Beta Belt,,No hay descuento
Casco Petzl Vertex Hi-Viz,,No hay descuento
Ascensor Izquierdo PetzL B17ALA,,No hay descuento
Cuchillo Kershaw Identity 1995X,,No hay descuento
Canguro Wenger Waist Pack 611875,,No hay descuento
Cantimplora para Agua Nalgene 32oz,,No hay descuento
Linea de Vida Joule Singing Rock 15 KN AM 70CM,,No hay descuento
Cobija comprimible Jungle Blanket Snugpak,,No hay descuento
Sandalia Mujer Chaco ZX1 Classic J106090 Braid Blue,,No hay descuento
Sandalia Chaco Hombre Z1 Classic JCH106841 Bone Brown,,No hay descuento
Sandalia Chaco Mujer Mega Z/Cloud JCH109016 Bracken Evergreen,,No hay descuento
Sandalia Chaco Mujer Lowdown Flip JCH108132 Black,,No hay descuento
Saco para Dormir Basecamp OPS Navigator Sleeper Lite Snugpak,,No hay descuento
Mosqueton acero ANSI Gate Twistlock((MBS) 50 kN - Puerta ANSI 5000lb) -mm,,No hay descuento
Funda Nitecore NCP30 Nylon,,No hay descuento
Funda Nitecore NCP40 Nylon,,No hay descuento
Cinturón de Seguridad de Lujo con Protección RFID 610601,,No hay descuento
Soporte de prensa giratorio 360° para GoPro,,No hay descuento
Adaptador para Cámara Insta 360,,No hay descuento
"Power Bank GEN 2 Nitecore 10,000MAH NB10000",,No hay descuento
Cuchilla Kershaw Epistle 2131,,No hay descuento
Mosqueton Petzl Oxan / Vulcan Automático 45KN MBS,,No hay descuento
Botella Térmica Irrompible Stanley Master (25OZ / 750ml),,No hay descuento
Foam para Caja Pelican (Repuesto),,No hay descuento
"Repuesto Foam O-ring para Inflador Carlson 4"" o 6""",,No hay descuento
Tubing para Río STAR,,No hay descuento
Bolso de cintura Cona 4L MountainSmith,,No hay descuento
Bolso de Cintura Timber Mountainsmith 2.81L,,No hay descuento
Banda para cabeza Gopro,,No hay descuento
Kit para Cámaras de Acción P.O.V. Kit Peak Design,,No hay descuento
Mecha para encendedor Zippo,,No hay descuento
Boquilla de Repuesto para Hidrapack,,No hay descuento
Linterna Princeton Tec AMP 1L 100 LumENES,,No hay descuento
Organizador Thule Compression Cube Set,,No hay descuento
Mochila de hidratación Thule Vital 8L,,No hay descuento
Maletin Thule Crossover 2 Boarding Bag,,No hay descuento
Gorra Sunday Afternoons Kids Sun Chaser,,No hay descuento
Strap para Ascensor Cam Clean Singing Rock,,No hay descuento
Vortex Razor HD 8x42,,No hay descuento
Mochila Thule Stir 35L Hombre,,No hay descuento
Mochila Thule Aion 28L,,No hay descuento
Chaleco NRS Big Water V Youth,,No hay descuento
Bolsa de malla (Mesh Bag) NRS,,No hay descuento
Bolso para Canyoning Aventuras Reales 506 I20,,No hay descuento
Anchor Links para Cámara Peak Design,,No hay descuento
Caja Pelican 1690,,No hay descuento
Lonchera (Hielera) Takeout Mountainsmith,,No hay descuento
Toldo Impermeable (Nylon Tarp) 6' x 8',,No hay descuento
Mosquetón Cypher Acero Automático 53kn G Series Large D ANSI,,No hay descuento
Camera Cube Peak Design,,No hay descuento
Lubricante para Zipper y Broches,,No hay descuento
Casco NRS Chaos Full Cut Helmet,,No hay descuento
Bolsa Seca NRS Tuff Sack 45L,,No hay descuento
Field Pouch V2 Peak Design Estuche para Accesorios,,No hay descuento
Mochila Osprey Talon 36L (M´s),,No hay descuento
Tarjeta de Regalo Everything Adventures,,No hay descuento
Brújula Orienteering II Vixen,,$24.95
Mini trípode flexible para Gopro,,No hay descuento
Zapato Chaco de Niño Outcross 2 Kids Verde,,No hay descuento
Sandalia Chaco de Niño (a) Russ Navy J180270,,No hay descuento
Linterna Nitecore NU11 150Lum 50m,,No hay descuento
Jacket Mazama Shell Columbia para Mujer,,No hay descuento
Jacket Resistente al Agua Hombre Glennaker Lake Columbia,,No hay descuento
Jacket Mazama Shell Columbia para Hombre,,No hay descuento
Bolso Lightweight Pacable ll 21L Columbia,,No hay descuento
Blusa Columbia Tamiami II Mujer,,No hay descuento
Pantalón Saturday Trail ll Columbia para Mujer,,No hay descuento
Pantalón Convertible Mujer Silver Ridge Columbia,,No hay descuento
Binoculares Bushnell PRIME 10X42 X Vault Bundle,,No hay descuento
Cortauñas Nail Clipper 8.2050.B1 Victorinox,,No hay descuento
Binoculares Bushnell Engage 10x42 BENX1042RB,,No hay descuento
Navaja 0.8361.MC Forester M Grip Victorinox,,No hay descuento
ESTUCHE LOWEPRO TREKKER LT HP 100 GREY,,No hay descuento
Mochila para Senderismo Thule Nanum 25L,,No hay descuento
Bolso Accent 23L Thule TACBP116,,No hay descuento
Linterna Nitecore P20iX 4000 Lumens,,No hay descuento
Jacket impermeable Outdoor Adventure Anton,,No hay descuento
Jacket impermeable Eddie Bauer Cloud Cap 89-5822-390,,No hay descuento
"Batería NL1836R 18650 3,600MAH CON USB-C",,No hay descuento
"Trípode 055 de fibra de carbono, 3 secciones (MT055CXPRO3)",,No hay descuento
Cabeza de Bola Manfrotto MH496-Q6,,No hay descuento
Asegurador GRIGRI+ Petzl D13A AG,,No hay descuento
Placa de Multianclajes Petzl Paw Rigging Plate L (Negra),,No hay descuento
Mochila para Senderismo Thule Topio 40L,,No hay descuento
Mochila para Senderismo Thule Topio 30L,,No hay descuento
NRS Barrel Pump Round Corner Hose Adapter,,No hay descuento
Bolso Impermeable NRS 110L Bill's Bag,,No hay descuento
Válvula de retención NRS Barrel Pump Flow Check Valve,,No hay descuento
Linterna Llavero TIKI LE 300 Lumens 71M,,No hay descuento
Slopador Eléctrico de Aire para Limpieza de Cámaras Nitecore BB2,,No hay descuento
Cargador Nitecore CI2 3000mA,,No hay descuento
Adaptador USB de Carga Rápida Nitecore QC 3.0,,No hay descuento
MINDER PRUSIK MINDING PULLEY P60A,,No hay descuento
DISCO DURO KINGSTON ESTADO SOLIDO SX2000 500G HP,,No hay descuento
CAMARA WEB VIDPRO USB1080P HD CM-HD,,No hay descuento
Mochila Advanced Travel III MB MA3-BP-T,,No hay descuento
"LINTERNA NITECORE BR25 1,400 LÚMENES 163 M",,No hay descuento
Jacket Impermeable Eddie Bauer Charly,,No hay descuento
Bandana Térmica Terramar Below Zero Gaiter,,No hay descuento
Billetera Victorinox Smartphone RFID 611975,,No hay descuento
Billetera Victorinox Continental RFID 611974,,No hay descuento
Mochila Thule Alltrail 45L Mujer,,No hay descuento
Thule AllTrail 35L Hombre,,No hay descuento
Bolso Thule Sling 8L 3204710,,No hay descuento
Estuche Impermeable para accesorios Travel Pouch NiteIze,,No hay descuento
Navaja Victorinox Hunter Pro 0.9415.L22 Alox Limited ED 2022,,No hay descuento
Navaja Victorinox 0.9553.MC Ranger Grip 61,,No hay descuento
Zapato La Sportiva Ultra Raptor II GTX (Mujer W´S),,No hay descuento
Neceser de viaje Zip-Around travel kit 610608,,No hay descuento
Guía Infantil,,No hay descuento
Espander con Tornillo Scotty,,No hay descuento
Mochila Victorinox Altmont Professional Essentials 24L 602154,,No hay descuento
Bolso Lateral Victorinox con protección RFDI 610603,,No hay descuento
Mochila Victorinox Altmont Professional Deluxe 25L 602155,,No hay descuento
Botella Térmica Irrompible Stanley Master (1.4QT / 1300ml),,No hay descuento
Arnés Canyon XP Singing Rock (Acolchado),,No hay descuento
Arnés Singing Rock de pecho Aladin,,No hay descuento
Agarradera para Kayak (Adelante/Atras),,No hay descuento
Tapón de Drenaje para Kayak,,No hay descuento
Agarraderas Laterales para Kayak,,No hay descuento
Compression Stuff Sack Snugpak,,No hay descuento
Sandalia Chaco Hombre Z1 Classic JCH106851 Olive Night,,No hay descuento
Sandalia Chaco Mujer Lowdown Flip JCH108998 Score Fuchsia,,No hay descuento
Sandalia Chaco Mujer Bodhi JCH108992 Black,,No hay descuento
Sandalia Chaco Mujer Z1 Classic JCH109044 Court Fudge,,No hay descuento
Sandalia Chaco Mujer Z/Cloud 2 JCH109034 Wily Violet,,No hay descuento
"Mochila Mx Eco Light para Laptop 16"" 612262",,No hay descuento
Slingback Chair Mountainsmith,,No hay descuento
Linea de Vida Patron 11mm-22kn 80cm Singing Rock,,No hay descuento
Ducha de Campamento con Calefacción Solar Coghlands,,No hay descuento
ESPONJITAS DESHUMEDECEDORAS PARA GO PRO,,No hay descuento
Estuche Cuchilla Pilot NRS,,No hay descuento
Hamaca Tropical Hammock Snugpak (1 Persona),,No hay descuento
Tarjetero Altius 3.0 Sapporo 30165401,,No hay descuento
Porta Bebidas Kavu Hands Free Koozie,,$16.95
Maleta Thule Subterra 60L,,No hay descuento
Bolso Thule de Lado Aion 35 L,,No hay descuento
Maleta Thule Subterra Duffel 45L,,No hay descuento
Mochila Duffel 65L Petzl,,No hay descuento
Set de 8 Estacas de Aluminio para Camping Mountainsmith,,No hay descuento
Vestido Manga Larga con Gorro Silkiweight NRS,,$95.00
Tienda de Campaña para 4 personas Genesee Mountainsmith,,No hay descuento
Remo para Kayak estándar Carlisle Take-Apart,,No hay descuento
Silla Plegable Teddy Travel Chair,,No hay descuento
Mochila Mountainsmith ZERK 40 (40L),,No hay descuento
Mochila Cona 45 Mountainsmith,,No hay descuento
Mochila Apex 80L Mountainsmith,,No hay descuento
Mochila Cona 65L Mountainsmith,,No hay descuento
Mochila Apex 60L Mountainsmith,,No hay descuento
Mochila Apex 25L Mountainsmith,,No hay descuento
Mochila Scream 55L Mountainsmith,,No hay descuento
Lonchera (Hielera) Cooler Cube Mountainsmith,,No hay descuento
Kit de Reparación para Tienda de Camping Mountainsmith,,No hay descuento
Mochila Covert Camera 24L,,No hay descuento
Cabeza de Video Smallrig DH-01,,No hay descuento
Estuche para Binoculares Vortex DB 8X42,,No hay descuento
Toldo para Hamaca con Zipper Grand Trunk,,No hay descuento
Encendedor Zippo Flex Neck,,No hay descuento
Mochila Thule Chasm 70L,,No hay descuento
Camiseta Columbia Polo (Mujer),,$71.95
Estuche de Bolsillo NPP10 Nitecore,,No hay descuento
Tripode Gorillapod 1K Kit,,No hay descuento
Tripode Gorillapod Magnetic 325,,No hay descuento
Cuchilla Victorinox Nail Clip 580/0.6463.T,,No hay descuento
Organizador Thule Clean Dirty Packing,,No hay descuento
Bolso Thule Vea 21L,,No hay descuento
Bolso Thule Paramount 24L,,No hay descuento
Maleta Thule Crossover 2 Carry On Convertible,,No hay descuento
Sombrero Sunday Afternoons Shade Godess,,No hay descuento
Sombrero Infantil Sunday Afternoons Sun Sprout,,$35.24
Mochila de Viajero Nitecore BP16,,No hay descuento
Telescopio Vortex Razor 22-48X65mm HD,,No hay descuento
Pala Plegable Gerber Gorge Shovel,,No hay descuento
Accessory Pocket NRS MOLLE PFD,,No hay descuento
Silla de Camping TravelChair Ultimate Slacker 2.0,,No hay descuento
Radio Pocket NRS MOLLE PFD,,No hay descuento
Cabeza Mafrotto Befree 3Way MH01HY-3W,,No hay descuento
Mochila Thule EnRoute para Cámara 25L,,No hay descuento
Estuche Kavu Pixie Pouch,,No hay descuento
Clip para Casco Nitecore NHC10,,No hay descuento
Lupa Sanung Z-21 de 30X,,No hay descuento
"Batería NL2150HP 21700 (5,000mAh)",,No hay descuento
Figura 8 de Rescate Mini Acero 40kn Singing Rock K6180ZO,,No hay descuento
Sombrero para Niño Shalw 50 Summers SU093/KS,,No hay descuento
Jacket para Frío y Lluvia Wedze 500 Niño 14 años,,No hay descuento
Correa para Amarre Multiusos Liberty Mountain,,No hay descuento
Cargador de Celular para Carro Peak Design,,No hay descuento
Mosquetón Heroclip Grande 45kg,,No hay descuento
Caja Pelican 1700,,No hay descuento
Pantalón para niño Quechua,,No hay descuento
Tapa para Válvula Liefield C7 y D7,,No hay descuento
Válvula Liefield D7,,No hay descuento
Kit de Reparación para Válvula Liefield C7,,No hay descuento
Neopreno Manga Larga NRS HydroSkin 0.5,,No hay descuento
Funda Billetera para Celular Peak Design Slim Wallet,,No hay descuento
Funda Billetera con Stand para Celular Peak Design,,No hay descuento
Pechera para Arnés Cypher ABC,,No hay descuento
Sombrero 50 Summer CM-LK062,,No hay descuento
Sujetador redondo con adhesivo para Gopro,,No hay descuento
Llave para tornillos GoPro,,No hay descuento
Pala Plegable UST U-DIG-IT,,No hay descuento
Cobertor de lluvia para sleeping BIVVI,,No hay descuento
Cargador para Carro Nitecore V2,,No hay descuento
Linterna Ultravioleta Tube UV Nitecore,,No hay descuento
Polea de Aluminio SMC Micro PMP Pulley,,No hay descuento
Funda de neopreno con mini mosqueton para botella,,No hay descuento
Funda para botella,,No hay descuento
Sandalia Chaco de Niño (a) Tartan Multi J180257,,No hay descuento
Kit de accesorios para hamaca Snugpak (Hammock Accesory Kit),,No hay descuento
Soporte para ventana de vehículo Bushnell 78-4405,,No hay descuento
